{"cameraMode":{"drawMode":0,"name":"Shaded","section":"Shading Mode"},"sceneLighting":false,"audioPlay":false,"sceneViewState":{"showFog":true,"showMaterialUpdate":false,"showSkybox":true,"showFlares":true,"showImageEffects":true,"showParticleSystems":true},"in2DMode":false,"pivot":{"x":-2.810364246368408,"y":0.2792609930038452,"z":1.996002197265625},"rotation":{"x":0.1237025186419487,"y":-0.618149995803833,"z":0.09931673109531403,"w":0.7698992490768433},"size":2.4073948860168459,"orthographic":false}