{"cameraMode":{"drawMode":0,"name":"Shaded","section":"Shading Mode"},"sceneLighting":false,"audioPlay":false,"sceneViewState":{"showFog":true,"showMaterialUpdate":false,"showSkybox":true,"showFlares":true,"showImageEffects":true,"showParticleSystems":true},"in2DMode":false,"pivot":{"x":987.8444213867188,"y":431.7286376953125,"z":0.0},"rotation":{"x":0.21131688356399537,"y":-0.05860978364944458,"z":0.012695291079580784,"w":0.9755844473838806},"size":12.996230125427246,"orthographic":false}