{"cameraMode":{"drawMode":0,"name":"Shaded","section":"Shading Mode"},"sceneLighting":false,"audioPlay":false,"sceneViewState":{"showFog":true,"showMaterialUpdate":false,"showSkybox":true,"showFlares":true,"showImageEffects":true,"showParticleSystems":true},"in2DMode":false,"pivot":{"x":-13.534486770629883,"y":0.5165648460388184,"z":-18.42190933227539},"rotation":{"x":0.21131688356399537,"y":-0.05860978364944458,"z":0.012695291079580784,"w":0.9755844473838806},"size":1.714730143547058,"orthographic":false}