{"cameraMode":{"drawMode":0,"name":"Shaded","section":"Shading Mode"},"sceneLighting":true,"audioPlay":false,"sceneViewState":{"showFog":true,"showMaterialUpdate":false,"showSkybox":true,"showFlares":true,"showImageEffects":true,"showParticleSystems":true},"in2DMode":false,"pivot":{"x":6.115841865539551,"y":14.687358856201172,"z":44.420265197753909},"rotation":{"x":-0.0914686992764473,"y":0.06775858998298645,"z":-0.006238005124032497,"w":-0.9934844374656677},"size":58.415409088134769,"orthographic":false}