{"cameraMode":{"drawMode":0,"name":"Shaded","section":"Shading Mode"},"sceneLighting":false,"audioPlay":false,"sceneViewState":{"showFog":true,"showMaterialUpdate":false,"showSkybox":true,"showFlares":true,"showImageEffects":true,"showParticleSystems":true},"in2DMode":false,"pivot":{"x":-16.342653274536134,"y":-6.302421569824219,"z":11.371910095214844},"rotation":{"x":0.40377774834632876,"y":-0.3165823817253113,"z":0.1512935310602188,"w":0.8449037075042725},"size":24.8582763671875,"orthographic":false}