{"cameraMode":{"drawMode":0,"name":"Shaded","section":"Shading Mode"},"sceneLighting":true,"audioPlay":false,"sceneViewState":{"showFog":true,"showMaterialUpdate":false,"showSkybox":true,"showFlares":true,"showImageEffects":true,"showParticleSystems":true},"in2DMode":false,"pivot":{"x":-7.298364639282227,"y":-2.3036327362060549,"z":31.522804260253908},"rotation":{"x":-0.15500622987747193,"y":0.16279345750808717,"z":-0.02590523287653923,"w":-0.9740673303604126},"size":30.30385971069336,"orthographic":false}