{"cameraMode":{"drawMode":0,"name":"Shaded","section":"Shading Mode"},"sceneLighting":false,"audioPlay":false,"sceneViewState":{"showFog":true,"showMaterialUpdate":false,"showSkybox":true,"showFlares":true,"showImageEffects":true,"showParticleSystems":true},"in2DMode":false,"pivot":{"x":0.6438236236572266,"y":5.10294771194458,"z":-14.612388610839844},"rotation":{"x":0.21131688356399537,"y":-0.05860978364944458,"z":0.012695291079580784,"w":0.9755844473838806},"size":8.981672286987305,"orthographic":false}