{"cameraMode":{"drawMode":0,"name":"Shaded","section":"Shading Mode"},"sceneLighting":true,"audioPlay":false,"sceneViewState":{"showFog":true,"showMaterialUpdate":false,"showSkybox":true,"showFlares":true,"showImageEffects":true,"showParticleSystems":true},"in2DMode":false,"pivot":{"x":6.531352996826172,"y":-8.732550621032715,"z":-2.688770294189453},"rotation":{"x":-0.2691182792186737,"y":0.5548688769340515,"z":-0.1958472728729248,"w":-0.7624613046646118},"size":19.041519165039064,"orthographic":false}